Link,Title,Rating,Price
./index_files/51FWbsNYg6L._AC_UL320_.jpg,Mens Full Force LoRunning Shoe,3.8 out of 5 stars,"4,672"
./index_files/71xuYczfLBL._AC_UL320_.jpg,mens Downshifter 13 Running shoe,4.0 out of 5 stars,"4,080"
./index_files/71hc2JN9ZtL._AC_UL320_.jpg,Mens Quest 5 Running Shoe,3.9 out of 5 stars,"4,089"
./index_files/71Bj9HgPRiL._AC_UL320_.jpg,Men's Journey Run,4.3 out of 5 stars,"5,862"
./index_files/71iTy-ZDi7L._AC_UL320_.jpg,Mens Runallday Running Shoes,3.8 out of 5 stars,"1,895"
./index_files/81drd1xq72L._AC_UL320_.jpg,Mens Flex Experience Rn 12Flex Experience Rn 12 Running Shoes,3.8 out of 5 stars,"3,496"
./index_files/71RwWau7+gL._AC_UL320_.jpg,Mens Air Winflo 10 Running Shoe,4.2 out of 5 stars,"5,652"
./index_files/81fgqhk+dDL._AC_UL320_.jpg,Mens Flex Experience Rn 12 Running Shoe,3.5 out of 5 stars,"3,496"
./index_files/814XDlSTbHL._AC_UL320_.jpg,Mens Flex Experience Rn 11 Nn Running Shoe,3.7 out of 5 stars,"3,244"
./index_files/513pJx4hppL._AC_UL320_.jpg,Mens Run Swift 3 Running Shoe,4.1 out of 5 stars,"3,462"
./index_files/51Yc72Im9yL._AC_UL320_.jpg,mens Jordan Mvp Running Shoes,3.5 out of 5 stars,"13,319"
./index_files/61LFuEQGv5L._AC_UL320_.jpg,Mens Revolution 6 Nn 4e Running Shoes,3.9 out of 5 stars,"3,695"
./index_files/614jguug7SL._AC_UL320_.jpg,Mens Court Vision Lo NnRunning Shoe,3.8 out of 5 stars,"4,496"
./index_files/71subBFxFLL._AC_UL320_.jpg,mens Nike Air Max Impact 4 Running Shoes,3.7 out of 5 stars,"5,352"
./index_files/51DCSGvByeL._AC_UL320_.jpg,Mens Air Zoom Vomero 15 Running Shoe,3.3 out of 5 stars,"8,769"
./index_files/81ETYwDAlHL._AC_UL320_.jpg,Mens City Rep Tr Men's Workout Shoes Sneaker,3.6 out of 5 stars,"2,614."
./index_files/61IswKI4gEL._AC_UL320_.jpg,Men's Journey Run Shoes,,"7,459"
./index_files/71+qZWsDB3L._AC_UL320_.jpg,Mens M Mc Trainer 2 Running Shoe,3.6 out of 5 stars,"3,876"
./index_files/81aDGWhNpcL._AC_UL320_.jpg,Mens Air Zoom Structure Running Shoes 25Nike,3.3 out of 5 stars,"7,375"
./index_files/314rmoQUzHL._AC_UL320_.jpg,Mens Running Shoe Run Swift 3 Nike Run Swift 3,4.6 out of 5 stars,"4,406"
./index_files/71J5XIo8G8L._AC_UL320_.jpg,Mens Mens Air Zoom Pegasus 40 PrmRunning Shoes,4.0 out of 5 stars,"7,970"
./index_files/81bQmEyvYQL._AC_UL320_.jpg,Mens Waffle Nav Running Shoes,4.0 out of 5 stars,"6,030"
./index_files/81IOFPa9aOL._AC_UL320_.jpg,Men's Air Winflo 11 Running Shoes,,"7,524"
./index_files/71mY7w6giKL._AC_UL320_.jpg,Mens Revolution 7 Men's Road Running ShoesRunning Shoes,3.8 out of 5 stars,"3,252"
./index_files/614GVa5pYAL._AC_UL320_.jpg,Mens Court Legacy Nn Sneaker,4.0 out of 5 stars,"3,360"
./index_files/81YPS0PdtNL._AC_UL320_.jpg,Mens Flex Experience Rn 11 Nn Running Shoe,4.5 out of 5 stars,"3,047"
./index_files/518N+bJ3eCL._AC_UL320_.jpg,Vomero 17 Men's Road Running Shoes,5.0 out of 5 stars,"14,995"
./index_files/71lyQrHr74L._AC_UL320_.jpg,mens Court Vision Lo Nn Ess Running Shoes,3.5 out of 5 stars,
./index_files/81YUkQnGNZL._AC_UL320_.jpg,Mens Lowtop Waffle Navnike Waffle Nav,4.1 out of 5 stars,"7,095"
./index_files/71RhdqbrAmL._AC_UL320_.jpg,Mens Running Shoes Air Winflo 10-Black/Olive Aura-Bronzine-Amber Brown-Dv4022-009-7Uk,,"4,782"
./index_files/71D4DG6M+ML._AC_UL320_.jpg,Mens Pegasus 40 Men's Road Running ShoesRunning Shoe,3.9 out of 5 stars,"8,921"
./index_files/71cADG9JQmL._AC_UL320_.jpg,Womens W Downshifter 13Running,4.3 out of 5 stars,"3,650"
./index_files/81zAvR47kAL._AC_UL320_.jpg,Mens Renew Run 4 Running Shoes,4.0 out of 5 stars,"4,032."
./index_files/81G1pXZh9WL._AC_UL320_.jpg,Vomero 17 Men's Road Running Shoes,3.7 out of 5 stars,"7,797"
./index_files/81Wy5uIFdmL._AC_UL320_.jpg,Mens Revolution 5 (4e) Running Shoe,3.9 out of 5 stars,"2,514"
./index_files/81jS60ojx3L._AC_UL320_.jpg,Mens Renew Elevate IiiRunning Shoe,4.1 out of 5 stars,"6,139"
./index_files/711TT5fo9ML._AC_UL320_.jpg,Mens M Zoom Court Lite 3 Tennis ShoesBoat Shoe,4.2 out of 5 stars,"3,699"
./index_files/71EKIIGoamL._AC_UL320_.jpg,Mens Free Rn Fk Next Nature Running,3.5 out of 5 stars,"7,524"
./index_files/515gk0lB+jL._AC_UL320_.jpg,Mens Air Zoom Pegasus 39 Running Shoes,3.9 out of 5 stars,"6,819"
./index_files/710NfJxQQML._AC_UL320_.jpg,Running Shoes Mens M Air Zoom Tr 1 M Air Zoom Tr 1,4.0 out of 5 stars,"7,125"
./index_files/71424QQx8BL._AC_UL320_.jpg,Mens Air Zoom Structure 25Running Shoe,4.0 out of 5 stars,"7,256"
./index_files/61WBzNZ2JxL._AC_UL320_.jpg,Men's Superfly 10 Club Fg/Mg Running Shoes,,"4,841"
./index_files/71uV4aazB+L._AC_UL320_.jpg,Kite Sneakers for Men |Stylish and Casual Shoes | Comfortable Slip-ons,5.0 out of 5 stars,999
./index_files/71CiZuENMbL._AC_UL320_.jpg,mens Air Pegasus '89 Running Shoe,3.3 out of 5 stars,"4,248"
./index_files/71TsmK0hKjL._AC_UL320_.jpg,Mens Air Max SystmRunning Shoe,4.3 out of 5 stars,"6,095"
./index_files/61AScb7Ry-L._AC_UL320_.jpg,Mens Air Jordan Legacy 312 Low Running Shoes,4.2 out of 5 stars,"9,746"
./index_files/51U4wDwtvWL._AC_UL320_.jpg,Mens Air Max Impact 4 Running Shoe,3.6 out of 5 stars,
./index_files/71EkYNpeAAL._AC_UL320_.jpg,Mens Run Swift 3 Running Shoe,4.0 out of 5 stars,"3,840"
